timestamp,pitch,roll,yaw,light,led_status,solar_status,mode
21:13:01,-14.99999649,31.83069336,0,355,OFF,RETRACTED,MANUAL
21:13:01,-14.92251879,33.39578131,0,361,OFF,RETRACTED,MANUAL
21:13:01,-14.69294584,34.87571977,0,366,OFF,RETRACTED,MANUAL
21:13:01,-14.31361751,36.26673532,0,369,OFF,RETRACTED,MANUAL
21:13:01,-13.78840006,37.56528129,0,373,OFF,RETRACTED,MANUAL
21:13:01,-13.12264667,38.76804676,0,367,OFF,RETRACTED,MANUAL
21:13:01,-12.32314291,39.87196502,0,363,OFF,RETRACTED,MANUAL
21:13:01,-11.3980376,40.87422141,0,354,OFF,RETRACTED,MANUAL
21:13:01,-10.35675971,41.77226048,0,349,OFF,RETRACTED,MANUAL
21:13:02,-9.209922303,42.56379247,0,349,OFF,RETRACTED,MANUAL
21:13:02,-7.969214313,43.24679922,0,351,OFF,RETRACTED,MANUAL
21:13:02,-6.647281451,43.81953925,0,356,OFF,RETRACTED,MANUAL
21:13:02,-5.257597295,44.28055225,0,364,OFF,RETRACTED,MANUAL
21:13:02,-3.814325965,44.62866277,0,368,OFF,RETRACTED,MANUAL
21:13:02,-2.332177761,44.86298323,0,370,OFF,RETRACTED,MANUAL
21:13:02,-0.82625923,44.98291618,0,368,OFF,RETRACTED,MANUAL
21:13:02,0.68808081,44.98815583,0,364,OFF,RETRACTED,MANUAL
21:13:02,2.195407702,44.87868881,0,356,OFF,RETRACTED,MANUAL
21:13:03,3.680358271,44.65479424,0,350,OFF,RETRACTED,MANUAL
21:13:03,5.12779741,44.31704297,0,348,OFF,RETRACTED,MANUAL
21:13:03,6.522972339,43.86629619,0,350,OFF,RETRACTED,MANUAL
21:13:03,7.851662973,43.30370316,0,355,OFF,RETRACTED,MANUAL
21:13:03,9.100326858,42.63069832,0,361,OFF,RETRACTED,MANUAL
21:13:03,10.2562372,41.84899765,0,366,OFF,RETRACTED,MANUAL
21:13:03,11.30761257,40.96059426,0,369,OFF,RETRACTED,MANUAL
21:13:03,12.24373701,39.9677533,0,369,OFF,RETRACTED,MANUAL
21:13:03,13.05506922,38.87300624,0,366,OFF,RETRACTED,MANUAL
21:13:03,13.73333985,37.67914437,0,360,OFF,RETRACTED,MANUAL
21:13:04,14.27163572,36.38921168,0,353,OFF,RETRACTED,MANUAL
21:13:04,14.66447036,35.00649712,0,349,OFF,RETRACTED,MANUAL
21:13:04,14.90783986,33.53452621,0,349,OFF,RETRACTED,MANUAL
21:13:04,14.99926372,31.97705205,0,353,OFF,RETRACTED,MANUAL
21:13:04,14.93781011,30.33804574,0,357,OFF,RETRACTED,MANUAL
21:13:04,14.72410539,28.62168628,0,365,OFF,RETRACTED,MANUAL
21:13:04,14.36032772,26.83234987,0,368,OFF,RETRACTED,MANUAL
21:13:04,13.85018482,24.9745988,0,373,OFF,RETRACTED,MANUAL
21:13:04,13.19887626,23.05316979,0,368,OFF,RETRACTED,MANUAL
21:13:04,12.41304038,21.07296193,0,364,OFF,RETRACTED,MANUAL
21:13:05,11.50068667,19.03902417,0,355,OFF,RETRACTED,MANUAL
21:13:05,10.47111416,16.95654246,0,350,OFF,RETRACTED,MANUAL
21:13:05,9.334816586,14.83082651,0,348,OFF,RETRACTED,MANUAL
21:13:05,8.103375468,12.66729629,0,350,OFF,RETRACTED,MANUAL
21:13:05,6.789342063,10.47146816,0,355,OFF,RETRACTED,MANUAL
21:13:05,5.406109435,8.248940837,0,363,OFF,RETRACTED,MANUAL
21:13:05,3.967775949,6.005381128,0,367,OFF,RETRACTED,MANUAL
21:13:05,2.489001576,3.74650945,0,369,OFF,RETRACTED,MANUAL
21:13:05,0.984858474,1.478085266,0,369,OFF,RETRACTED,MANUAL
21:13:05,-0.529322631,-0.794107604,0,366,OFF,RETRACTED,MANUAL
21:13:06,-2.038108705,-3.064275731,0,360,OFF,RETRACTED,MANUAL
21:13:06,-3.5261217,-5.326630849,0,352,OFF,RETRACTED,MANUAL
21:13:06,-4.978195294,-7.575404614,0,349,OFF,RETRACTED,MANUAL
21:13:06,-6.379529473,-9.804863308,0,349,OFF,RETRACTED,MANUAL
21:13:06,-7.715841375,-12.00932246,0,353,OFF,RETRACTED,MANUAL
21:13:06,-8.973510865,-14.18316135,0,357,OFF,RETRACTED,MANUAL
21:13:06,-10.13971936,-16.32083732,0,365,OFF,RETRACTED,MANUAL
21:13:06,-11.20258048,-18.41689992,0,368,OFF,RETRACTED,MANUAL
21:13:06,-12.15126118,-20.4660048,0,370,OFF,RETRACTED,MANUAL
21:13:06,-12.97609221,-22.46292734,0,368,OFF,RETRACTED,MANUAL
21:13:07,-13.6686666,-24.40257598,0,363,OFF,RETRACTED,MANUAL
21:13:07,-14.22192542,-26.28000517,0,355,OFF,RETRACTED,MANUAL
21:13:07,-14.63022967,-28.09042802,0,349,OFF,RETRACTED,MANUAL
21:13:07,-14.88941776,-29.82922847,0,348,OFF,RETRACTED,MANUAL
21:13:07,-14.99684798,-31.49197311,0,350,OFF,RETRACTED,MANUAL
21:13:07,-14.95142536,-33.0744224,0,355,OFF,RETRACTED,MANUAL
21:13:07,-14.75361286,-34.57254158,0,361,OFF,RETRACTED,MANUAL
21:13:07,-14.40542664,-35.98251086,0,366,OFF,RETRACTED,MANUAL
21:13:07,-13.91041555,-37.30073525,0,369,OFF,RETRACTED,MANUAL
21:13:07,-13.27362489,-38.52385366,0,368,OFF,RETRACTED,MANUAL
21:13:08,-12.50154506,-39.64874748,0,365,OFF,RETRACTED,MANUAL
21:13:08,-11.60204533,-40.67254857,0,358,OFF,RETRACTED,MANUAL
21:13:08,-10.58429371,-41.59264654,0,352,OFF,RETRACTED,MANUAL
21:13:08,-9.458663472,-42.4066954,0,349,OFF,RETRACTED,MANUAL
21:13:08,-8.236627398,-43.11261956,0,349,OFF,RETRACTED,MANUAL
21:13:08,-6.930640889,-43.70861913,0,353,OFF,RETRACTED,MANUAL
21:13:08,-5.554014992,-44.19317449,0,360,OFF,RETRACTED,MANUAL
21:13:08,-4.120780735,-44.56505015,0,365,OFF,RETRACTED,MANUAL
21:13:08,-2.645546116,-44.82329794,0,368,OFF,RETRACTED,MANUAL
21:13:08,-1.143347214,-44.96725941,0,370,OFF,RETRACTED,MANUAL
21:13:09,0.370505061,-44.9965675,0,368,OFF,RETRACTED,MANUAL
21:13:09,1.880581026,-44.91114747,0,363,OFF,RETRACTED,MANUAL
21:13:09,3.371489486,-44.71121713,0,355,OFF,RETRACTED,MANUAL
21:13:09,4.828034609,-44.39728624,0,350,OFF,RETRACTED,MANUAL
21:13:09,6.235370803,-43.97015522,0,348,OFF,RETRACTED,MANUAL
21:13:09,7.579154033,-43.43091315,0,350,OFF,RETRACTED,MANUAL
21:13:09,8.845688015,-42.78093493,0,355,OFF,RETRACTED,MANUAL
21:13:09,10.02206381,-42.02187782,0,363,OFF,RETRACTED,MANUAL
21:13:09,11.09629142,-41.15567718,0,367,OFF,RETRACTED,MANUAL
21:13:09,12.05742195,-40.18454159,0,370,OFF,RETRACTED,MANUAL
21:13:10,12.89565923,-39.11094714,0,369,OFF,RETRACTED,MANUAL
21:13:10,13.60245969,-37.9376312,0,366,OFF,RETRACTED,MANUAL
21:13:10,14.17061938,-36.66758537,0,360,OFF,RETRACTED,MANUAL
21:13:10,14.59434741,-35.3040479,0,353,OFF,RETRACTED,MANUAL
21:13:10,14.86932502,-33.85049542,0,349,OFF,RETRACTED,MANUAL
21:13:10,14.99274955,-32.31063405,0,349,OFF,RETRACTED,MANUAL
21:13:10,14.96336301,-30.68839001,0,353,OFF,RETRACTED,MANUAL
21:13:10,14.78146491,-28.98789952,0,357,OFF,RETRACTED,MANUAL
21:13:10,14.44890923,-27.21349836,0,365,OFF,RETRACTED,MANUAL
21:13:10,13.96908548,-25.36971072,0,369,OFF,RETRACTED,MANUAL
21:13:11,13.34688418,-23.46123772,0,372,OFF,RETRACTED,MANUAL
21:13:11,12.58864702,-21.49294542,0,368,OFF,RETRACTED,MANUAL
21:13:11,11.7021022,-19.46985238,0,363,OFF,RETRACTED,MANUAL
21:13:11,10.69628568,-17.3971169,0,355,OFF,RETRACTED,MANUAL
21:13:11,9.581449065,-15.28002385,0,350,OFF,RETRACTED,MANUAL
21:13:11,8.368955151,-13.1239712,0,348,OFF,RETRACTED,MANUAL
